Gender,Married,Dependents,Education,Self_Employed,ApplicantIncome,CoapplicantIncome,LoanAmount,Loan_Amount_Term,Credit_History,Property_Area,Total_Income,LoanAmount_log,Total_Income_log,Predicted_Loan_Status
1,1,0,0,0,5720,0,110.0,360.0,1.0,2,5720,4.709530201312334,8.651898894268529,Approved
1,1,1,0,0,3076,1500,126.0,360.0,1.0,2,4576,4.844187086458591,8.428799040653642,Approved
1,1,2,0,0,5000,1800,208.0,360.0,1.0,2,6800,5.342334251964811,8.824824939175638,Approved
1,1,2,0,0,2340,2546,100.0,360.0,1.0,2,4886,4.61512051684126,8.494333897270154,Approved
1,0,0,1,0,3276,0,78.0,360.0,1.0,2,3276,4.3694478524670215,8.094683648698815,Approved
1,1,0,1,1,2165,3422,152.0,360.0,1.0,2,5587,5.030437921392435,8.628376720376853,Approved
0,0,1,1,0,2226,0,59.0,360.0,1.0,1,2226,4.0943445622221,7.708410667257367,Approved
1,1,2,1,0,3881,0,147.0,360.0,0.0,0,3881,4.997212273764115,8.264105763728956,Rejected
1,1,2,0,0,13633,0,280.0,240.0,1.0,2,13633,5.638354669333745,9.52032195192273,Approved
1,0,0,1,0,2400,2400,123.0,360.0,1.0,1,4800,4.820281565605037,8.476579508530941,Approved
1,0,0,1,0,3091,0,90.0,360.0,1.0,2,3091,4.51085950651685,8.036573409707312,Approved
1,1,1,0,0,2185,1516,162.0,360.0,1.0,1,3701,5.093750200806762,8.216628493133443,Approved
1,0,3,0,0,4166,0,40.0,180.0,1.0,2,4166,3.713572066704308,8.334951631422454,Approved
1,1,2,0,0,12173,0,166.0,360.0,0.0,1,12173,5.117993812416755,9.40705780905387,Rejected
0,0,0,0,0,4666,0,124.0,360.0,1.0,1,4666,4.8283137373023015,8.448271745949816,Approved
1,0,1,0,0,5667,0,131.0,360.0,1.0,2,5667,4.882801922586371,8.64259160081057,Approved
1,1,2,0,0,4583,2916,200.0,360.0,1.0,2,7499,5.303304908059076,8.922658299524402,Approved
1,1,3,0,0,3786,333,126.0,360.0,1.0,1,4119,4.844187086458591,8.323608442343572,Approved
1,1,0,0,0,9226,7916,300.0,360.0,1.0,2,17142,5.707110264748875,9.749345206007481,Approved
1,0,0,0,0,1300,3470,100.0,180.0,1.0,1,4770,4.61512051684126,8.470311205516108,Approved
1,1,1,1,0,1888,1620,48.0,360.0,1.0,2,3508,3.8918202981106265,8.163086375583216,Approved
0,0,3,1,0,2083,0,28.0,180.0,1.0,2,2083,3.367295829986474,7.642044402873258,Rejected
1,0,0,0,0,3909,0,101.0,360.0,1.0,2,3909,4.624972813284271,8.271292652979412,Approved
0,0,0,1,0,3765,0,125.0,360.0,1.0,2,3765,4.836281906951478,8.233768709217097,Approved
1,1,0,0,0,5400,4380,290.0,360.0,1.0,2,9780,5.673323267171493,9.188197007290492,Approved
1,0,0,0,0,0,24000,148.0,360.0,0.0,0,24000,5.003946305945459,10.085850775128717,Rejected
1,1,2,0,0,4363,1250,140.0,360.0,1.0,2,5613,4.948759890378168,8.633018756921828,Approved
1,1,0,0,0,7500,3750,275.0,360.0,1.0,2,11250,5.62040086571715,9.328212292571072,Approved
1,1,0,0,0,3772,833,57.0,360.0,1.0,1,4605,4.060443010546419,8.43511508038063,Approved
1,0,0,0,0,2942,2382,125.0,180.0,1.0,2,5324,4.836281906951478,8.580167990577626,Approved
0,0,0,1,0,2478,0,75.0,360.0,1.0,1,2478,4.330733340286331,7.8156105320351905,Approved
1,1,2,0,0,6250,820,192.0,360.0,1.0,2,7070,5.262690188904886,8.863757191604241,Approved
1,0,0,0,0,3268,1683,152.0,360.0,1.0,1,4951,5.030437921392435,8.507546814364431,Approved
1,1,0,0,0,2783,2708,158.0,360.0,1.0,2,5491,5.0689042022202315,8.61104776688786,Approved
1,1,0,0,0,2740,1541,101.0,360.0,1.0,2,4281,4.624972813284271,8.362175469149628,Approved
1,0,0,0,0,3150,0,176.0,360.0,0.0,1,3150,5.176149732573829,8.055475141757274,Rejected
1,1,2,0,0,7350,4029,185.0,180.0,1.0,2,11379,5.225746673713202,9.339612707680322,Approved
1,1,0,0,1,2267,2792,90.0,360.0,1.0,2,5059,4.51085950651685,8.52912176228151,Approved
1,0,0,0,1,5833,0,116.0,360.0,1.0,2,5833,4.762173934797756,8.671458150427666,Approved
1,0,0,0,0,3643,1963,138.0,360.0,1.0,2,5606,4.9344739331306915,8.631771096123673,Approved
1,1,0,0,0,5629,818,100.0,360.0,1.0,2,6447,4.61512051684126,8.771525284186465,Approved
0,0,0,0,0,3644,0,110.0,360.0,1.0,2,3644,4.709530201312334,8.201111644442758,Approved
1,1,0,1,0,1750,2024,90.0,360.0,1.0,1,3774,4.51085950651685,8.236155661683124,Approved
1,0,0,0,0,6500,2600,200.0,360.0,1.0,1,9100,5.303304908059076,9.116139576577355,Approved
0,0,0,0,0,3666,0,84.0,360.0,1.0,2,3666,4.442651256490317,8.207129168071326,Approved
1,1,0,0,0,4260,3900,185.0,360.0,1.0,2,8160,5.225746673713202,9.007121989469242,Approved
1,1,0,1,0,4163,1475,162.0,360.0,1.0,2,5638,5.093750200806762,8.637462023807181,Approved
1,0,0,1,0,2356,1902,108.0,360.0,1.0,1,4258,4.6913478822291435,8.356789669923213,Approved
1,0,0,0,0,6792,3338,187.0,360.0,1.0,2,10130,5.236441962829949,9.223355309053677,Approved
1,1,3,1,1,8000,250,187.0,360.0,1.0,1,8250,5.236441962829949,9.018089684104343,Approved
1,1,1,0,0,2419,1707,124.0,360.0,1.0,2,4126,4.8283137373023015,8.325306029752582,Approved
1,1,3,1,0,3500,833,120.0,360.0,1.0,1,4333,4.795790545596741,8.374246182096304,Approved
1,1,1,0,0,3500,3077,160.0,360.0,1.0,1,6577,5.081404364984463,8.791486026749002,Approved
1,1,2,0,0,4116,1000,30.0,180.0,1.0,2,5116,3.4339872044851463,8.540323608805092,Approved
1,1,0,1,1,5293,0,92.0,360.0,1.0,2,5293,4.532599493153256,8.574329382787047,Approved
1,0,0,0,0,2750,0,130.0,360.0,0.0,2,2750,4.875197323201151,7.919719760924575,Rejected
0,0,0,1,0,4402,0,130.0,360.0,1.0,0,4402,4.875197323201151,8.390041405755754,Approved
1,1,2,0,0,3613,3539,134.0,180.0,1.0,1,7152,4.90527477843843,8.875287128108384,Approved
0,1,2,0,0,2779,3664,176.0,360.0,0.0,1,6443,5.176149732573829,8.770904744296866,Rejected
1,1,3,0,0,4720,0,90.0,180.0,1.0,1,4720,4.51085950651685,8.459775920546287,Approved
1,1,0,1,0,2415,1721,110.0,360.0,1.0,1,4136,4.709530201312334,8.327726166461412,Approved
1,1,0,0,1,7016,292,125.0,360.0,1.0,2,7308,4.836281906951478,8.896861744480391,Approved
0,0,2,0,0,4968,0,189.0,360.0,1.0,1,4968,5.247024072160486,8.51097389160232,Approved
0,0,0,0,0,2101,1500,108.0,360.0,0.0,0,3601,4.6913478822291435,8.189244525735901,Rejected
1,1,3,1,0,4490,0,125.0,360.0,1.0,2,4490,4.836281906951478,8.409830673087738,Approved
1,1,0,0,0,2917,3583,138.0,360.0,1.0,1,6500,4.9344739331306915,8.77971129020447,Approved
1,1,0,1,0,4700,0,135.0,360.0,0.0,1,4700,4.912654885736052,8.45553053102413,Rejected
1,1,0,0,0,3445,0,130.0,360.0,0.0,1,3445,4.875197323201151,8.144969417087875,Rejected
1,1,0,0,0,7666,0,187.0,360.0,1.0,1,7666,5.236441962829949,8.944680683558895,Approved
1,1,0,0,0,2458,5105,188.0,360.0,0.0,0,7563,5.241747015059643,8.931155429778348,Rejected
0,0,0,0,0,3250,0,95.0,360.0,1.0,1,3250,4.564348191467836,8.086717920303906,Approved
1,0,0,0,0,4463,0,65.0,360.0,1.0,1,4463,4.189654742026425,8.403800504061147,Approved
1,1,1,0,0,4083,1775,139.0,60.0,1.0,2,5858,4.941642422609304,8.675734219544788,Approved
1,1,0,0,1,3900,2094,232.0,360.0,1.0,0,5994,5.4510384535657,8.698681067461614,Approved
1,1,0,1,0,4750,3583,144.0,360.0,1.0,1,8333,4.976733742420574,9.0280988119824,Approved
1,0,0,0,0,3583,3435,155.0,360.0,1.0,2,7018,5.049856007249537,8.856376036730422,Approved
1,1,0,0,0,3189,2367,186.0,360.0,1.0,2,5556,5.231108616854587,8.622813673279921,Approved
1,0,0,0,1,6356,0,50.0,360.0,1.0,0,6356,3.9318256327243257,8.757311846936409,Approved
1,1,1,0,0,3413,4053,125.0,360.0,1.0,1,7466,4.836281906951478,8.918248591035702,Approved
0,1,0,0,0,7950,0,185.0,360.0,1.0,2,7950,5.225746673713202,8.981052985901483,Approved
1,1,3,0,0,3829,1103,163.0,360.0,0.0,2,4932,5.099866427824199,8.503702601233739,Rejected
1,1,3,0,0,72529,0,360.0,360.0,1.0,2,72529,5.8888779583328805,11.191755548357458,Approved
1,1,2,1,0,4136,0,149.0,480.0,0.0,0,4136,5.0106352940962555,8.327726166461412,Rejected
1,1,0,0,0,8449,0,257.0,360.0,1.0,0,8449,5.552959584921617,9.041921720351219,Approved
1,1,0,0,0,4456,0,131.0,180.0,0.0,1,4456,4.882801922586371,8.402231172946555,Rejected
1,1,2,0,0,4635,8000,102.0,180.0,1.0,0,12635,4.634728988229636,9.444305161921976,Approved
1,1,0,0,0,3571,1917,135.0,360.0,1.0,2,5488,4.912654885736052,8.610501368549889,Approved
1,0,0,0,0,3066,0,95.0,360.0,1.0,1,3066,4.564348191467836,8.028455164114252,Approved
1,0,2,1,0,3235,2015,77.0,360.0,1.0,1,5250,4.356708826689592,8.566173813637858,Approved
0,0,0,0,0,5058,0,200.0,360.0,1.0,0,5058,5.303304908059076,8.528924114291936,Approved
1,1,0,0,1,3188,2286,130.0,360.0,1.0,0,5474,4.875197323201151,8.607947554684701,Approved
1,1,3,0,0,13518,0,390.0,360.0,1.0,0,13518,5.968707559985366,9.511851382364405,Approved
1,1,1,0,0,4364,2500,185.0,360.0,1.0,1,6864,5.225746673713202,8.834191318202071,Approved
1,1,2,1,0,4766,1646,100.0,360.0,1.0,1,6412,4.61512051684126,8.766082459148864,Approved
1,1,1,0,0,4609,2333,123.0,360.0,0.0,1,6942,4.820281565605037,8.845489236753274,Rejected
0,1,3,0,0,6260,0,110.0,360.0,1.0,1,6260,4.709530201312334,8.74209519574531,Approved
1,1,1,0,0,3333,4200,256.0,360.0,1.0,2,7533,5.54907608489522,8.927181388251986,Approved
1,1,0,0,0,3500,3250,140.0,360.0,1.0,1,6750,4.948759890378168,8.81744592104187,Approved
1,1,3,0,0,9719,0,61.0,360.0,1.0,2,9719,4.127134385045092,9.181940897454485,Approved
1,1,3,0,0,6835,0,188.0,360.0,1.0,1,6835,5.241747015059643,8.829958044235482,Approved
1,0,0,0,0,4452,0,131.0,360.0,1.0,0,4452,4.882801922586371,8.401333305321703,Approved
0,1,0,0,0,2262,0,125.0,480.0,0.0,1,2262,4.836281906951478,7.724446645633537,Rejected
1,1,1,0,0,3901,0,116.0,360.0,1.0,2,3901,4.762173934797756,8.269244521183056,Approved
1,1,2,1,0,2687,0,50.0,180.0,1.0,0,2687,3.9318256327243257,7.89655270164304,Approved
1,0,0,0,0,2243,2233,107.0,360.0,1.0,1,4476,4.68213122712422,8.406708458240965,Approved
0,1,0,0,0,3417,1287,200.0,360.0,1.0,1,4704,5.303304908059076,8.45638105201948,Approved
1,0,0,0,0,1596,1760,119.0,360.0,0.0,2,3356,4.787491742782046,8.118802996980035,Rejected
1,1,3,0,0,4513,0,120.0,360.0,1.0,0,4513,4.795790545596741,8.414938957377482,Approved
1,1,0,0,0,4500,0,140.0,360.0,1.0,1,4500,4.948759890378168,8.412054873292933,Approved
1,1,0,1,0,4523,1350,165.0,360.0,1.0,2,5873,5.111987788356544,8.678291111758565,Approved
0,0,0,0,1,4742,0,108.0,360.0,1.0,1,4742,4.6913478822291435,8.464425125877582,Approved
1,1,0,0,0,4082,0,93.0,360.0,1.0,1,4082,4.543294782270004,8.314587291319576,Approved
0,0,0,0,0,3417,0,102.0,360.0,1.0,2,3417,4.634728988229636,8.136810863675537,Approved
0,1,2,0,0,2922,3396,122.0,360.0,1.0,1,6318,4.812184355372417,8.751316246773456,Approved
1,1,0,0,0,4167,4754,160.0,360.0,1.0,0,8921,5.081404364984463,9.09627541568821,Approved
1,0,3,0,0,4243,4123,157.0,360.0,1.0,1,8366,5.062595033026967,9.032050676295599,Approved
0,0,0,1,0,0,1760,180.0,360.0,1.0,1,1760,5.198497031265826,7.473637108496206,Rejected
1,1,1,0,0,1516,2900,80.0,360.0,0.0,0,4416,4.394449154672439,8.393216011596527,Rejected
0,0,0,0,0,1762,2666,104.0,360.0,0.0,2,4428,4.653960350157523,8.395929103923198,Rejected
1,1,2,0,0,724,3510,213.0,360.0,0.0,0,4234,5.365976015021851,8.351138607086154,Rejected
1,0,0,0,0,3125,0,65.0,360.0,1.0,2,3125,4.189654742026425,8.047509510981422,Approved
1,1,0,0,0,2333,3803,146.0,360.0,1.0,0,6136,4.990432586778736,8.722091302389098,Approved
1,1,3,0,0,3350,1560,135.0,360.0,1.0,2,4910,4.912654885736052,8.499232866039245,Approved
1,0,0,0,0,2500,6414,187.0,360.0,0.0,0,8914,5.236441962829949,9.09549053029724,Rejected
0,0,0,0,0,12500,0,300.0,360.0,0.0,2,12500,5.707110264748875,9.433563920090563,Rejected
1,0,0,0,0,4667,0,120.0,360.0,1.0,1,4667,4.795790545596741,8.448485993406447,Approved
1,0,0,0,0,6500,0,71.0,360.0,0.0,2,6500,4.276666119016055,8.77971129020447,Rejected
1,1,2,0,0,7500,0,225.0,360.0,1.0,2,7500,5.420534999272286,8.922791623969637,Approved
1,0,0,0,0,3073,0,70.0,180.0,1.0,2,3073,4.2626798770413155,8.03073492409854,Approved
1,1,1,1,0,3321,2088,70.0,360.0,1.0,1,5409,4.2626798770413155,8.596004371840527,Approved
1,1,0,0,0,3333,1270,124.0,360.0,1.0,2,4603,4.8283137373023015,8.434680769841773,Approved
1,0,0,0,0,3391,0,132.0,360.0,1.0,0,3391,4.890349128221754,8.129174996911793,Rejected
1,1,1,0,1,3343,1517,105.0,360.0,1.0,0,4860,4.663439094112067,8.488999457045455,Approved
0,0,1,0,0,3620,0,90.0,360.0,1.0,2,3620,4.51085950651685,8.19450550976564,Approved
1,0,0,0,0,4000,0,83.0,84.0,1.0,2,4000,4.430816798843313,8.294299608857235,Approved
1,1,0,0,0,4258,0,125.0,360.0,1.0,2,4258,4.836281906951478,8.356789669923213,Approved
1,1,2,0,0,4500,0,147.0,360.0,1.0,0,4500,4.997212273764115,8.412054873292933,Approved
1,1,1,0,0,2014,2925,120.0,360.0,1.0,0,4939,4.795790545596741,8.505120610181969,Approved
1,0,0,0,0,3333,1250,110.0,360.0,1.0,1,4583,4.709530201312334,8.430327258394575,Approved
0,0,3,0,0,4083,0,103.0,360.0,1.0,1,4083,4.6443908991413725,8.314832179284556,Approved
1,0,0,0,0,4727,0,150.0,360.0,0.0,0,4727,5.017279836814924,8.461257559085935,Rejected
1,1,3,0,0,3089,2999,100.0,240.0,1.0,0,6088,4.61512051684126,8.714239143608575,Approved
1,1,3,1,0,6794,528,139.0,360.0,0.0,2,7322,4.941642422609304,8.89877535906107,Rejected
1,1,0,0,1,32000,0,550.0,360.0,1.0,1,32000,6.311734809152915,10.373522431293592,Approved
1,1,2,0,1,10890,0,260.0,12.0,1.0,0,10890,5.564520407322694,9.295692039075686,Approved
0,0,0,0,0,12941,0,150.0,300.0,1.0,2,12941,5.017279836814924,9.468233115617211,Approved
1,0,0,1,0,3276,0,90.0,360.0,1.0,1,3276,4.51085950651685,8.094683648698815,Approved
1,0,0,1,1,8703,0,199.0,360.0,0.0,0,8703,5.298317366548036,9.071537969095724,Rejected
1,1,1,0,0,4742,717,139.0,360.0,1.0,1,5459,4.941642422609304,8.605204068738951,Approved
1,0,0,0,0,5900,0,150.0,360.0,1.0,2,5900,5.017279836814924,8.682877107057168,Approved
1,0,0,0,0,3071,4309,180.0,360.0,1.0,2,7380,5.198497031265826,8.906664409770052,Approved
1,1,0,0,0,2783,1456,113.0,360.0,1.0,2,4239,4.736198448394496,8.352318548226004,Approved
1,0,0,0,0,5000,0,148.0,360.0,1.0,0,5000,5.003946305945459,8.517393171418904,Approved
1,1,1,1,0,2463,2360,117.0,360.0,0.0,2,4823,4.770684624465665,8.481358738407021,Rejected
1,1,2,0,0,4855,0,72.0,360.0,1.0,0,4855,4.290459441148391,8.487970332739334,Approved
1,0,0,1,1,1599,2474,125.0,300.0,1.0,1,4073,4.836281906951478,8.31238059678675,Approved
1,1,2,0,1,4246,4246,214.0,360.0,1.0,2,8492,5.3706380281276624,9.04699757378001,Approved
1,1,0,0,0,4333,2291,133.0,350.0,1.0,0,6624,4.897839799950911,8.798605650854423,Approved
1,0,1,0,0,5823,2529,187.0,360.0,1.0,1,8352,5.236441962829949,9.030376034755907,Approved
1,1,0,1,0,7895,0,143.0,360.0,1.0,0,7895,4.969813299576001,8.974111581113318,Approved
1,0,0,0,0,4150,4256,209.0,360.0,1.0,0,8406,5.3471075307174685,9.036819971135296,Approved
1,0,0,0,0,2964,0,84.0,360.0,0.0,1,2964,4.442651256490317,7.994632311431825,Rejected
1,0,0,0,0,5583,0,116.0,360.0,1.0,2,5583,4.762173934797756,8.627660644442209,Approved
0,0,0,0,0,2708,0,65.0,360.0,1.0,0,2708,4.189654742026425,7.904334842085095,Approved
1,0,1,0,0,3180,2370,80.0,240.0,1.0,0,5550,4.394449154672439,8.621733370690162,Approved
1,0,0,1,0,2268,0,170.0,360.0,0.0,1,2268,5.14166355650266,7.727094484779841,Rejected
1,0,2,1,0,1141,2017,120.0,360.0,0.0,2,3158,4.795790545596741,8.058010800802085,Rejected
1,1,0,0,0,3042,3167,135.0,360.0,1.0,2,6209,4.912654885736052,8.733916174927524,Approved
0,1,3,0,0,1750,2935,94.0,360.0,0.0,1,4685,4.553876891600541,8.452334619067742,Rejected
0,1,1,0,0,3564,0,79.0,360.0,1.0,0,3564,4.382026634673881,8.178919332848396,Approved
0,0,0,0,0,3958,0,110.0,360.0,1.0,0,3958,4.709530201312334,8.28374674710613,Approved
1,1,2,1,0,4483,0,130.0,360.0,1.0,0,4483,4.875197323201151,8.40827078419205,Approved
1,1,0,0,0,5225,0,143.0,360.0,1.0,0,5225,4.969813299576001,8.561401446080557,Approved
1,0,0,0,0,3017,2845,159.0,180.0,0.0,2,5862,5.075173815233827,8.676416696964216,Rejected
1,1,0,1,0,2431,1820,110.0,360.0,0.0,0,4251,4.709530201312334,8.355144739461839,Rejected
1,1,2,0,0,4912,4614,160.0,360.0,1.0,0,9526,5.081404364984463,9.161885151706779,Approved
1,1,2,1,0,2500,3333,131.0,360.0,1.0,2,5833,4.882801922586371,8.671458150427666,Approved
0,0,0,0,0,2918,0,65.0,360.0,1.0,0,2918,4.189654742026425,7.978996370854115,Approved
1,1,2,0,0,5128,0,143.0,360.0,1.0,0,5128,4.969813299576001,8.542665987389269,Approved
1,1,3,0,0,15312,0,187.0,360.0,1.0,2,15312,5.236441962829949,9.636457419815208,Approved
1,1,2,0,0,3958,2632,160.0,360.0,1.0,1,6590,5.081404364984463,8.79346036105272,Approved
1,1,0,0,0,4334,2945,165.0,360.0,1.0,1,7279,5.111987788356544,8.892886141190731,Approved
1,1,2,0,0,4358,0,110.0,360.0,1.0,2,4358,4.709530201312334,8.379997952238393,Approved
0,1,1,0,0,4000,3917,173.0,360.0,1.0,0,7917,5.159055299214529,8.976893927666076,Approved
1,1,3,0,0,10166,750,150.0,360.0,1.0,2,10916,5.017279836814924,9.29807648628027,Approved
1,1,0,1,0,4483,0,135.0,360.0,1.0,1,4483,4.912654885736052,8.40827078419205,Approved
1,1,2,1,0,4521,1184,150.0,360.0,1.0,1,5705,5.017279836814924,8.649273531773446,Approved
1,1,2,0,0,9167,0,235.0,360.0,1.0,1,9167,5.4638318050256105,9.12347443895452,Approved
1,1,0,1,0,13083,0,125.0,360.0,1.0,0,13083,4.836281906951478,9.479145388658274,Approved
1,1,2,0,0,7874,3967,336.0,360.0,1.0,0,11841,5.820082930352362,9.37940781309172,Approved
0,1,1,0,0,4333,0,132.0,84.0,1.0,0,4333,4.890349128221754,8.374246182096304,Approved
1,0,0,0,0,4083,0,96.0,360.0,1.0,2,4083,4.574710978503383,8.314832179284556,Approved
1,1,2,1,0,3785,2912,180.0,360.0,0.0,0,6697,5.198497031265826,8.80956425335415,Rejected
1,1,3,1,0,2654,1998,128.0,360.0,0.0,0,4652,4.859812404361672,8.445267451844648,Rejected
1,1,1,0,0,10000,2690,412.0,360.0,1.0,1,12690,6.023447592961033,9.448648359810164,Approved
1,0,0,0,1,5833,0,116.0,360.0,1.0,2,5833,4.762173934797756,8.671458150427666,Approved
1,1,1,0,0,4796,0,114.0,360.0,0.0,1,4796,4.74493212836325,8.475746001502063,Rejected
1,1,0,1,0,2000,1600,115.0,360.0,1.0,0,3600,4.7535901911063645,8.188966863648876,Approved
1,1,2,0,0,2540,700,104.0,360.0,0.0,2,3240,4.653960350157523,8.083637203141548,Rejected
1,1,0,0,1,1900,1442,88.0,360.0,1.0,0,3342,4.48863636973214,8.114623886420098,Approved
1,1,0,0,1,8706,0,108.0,480.0,1.0,0,8706,4.6913478822291435,9.071882578828616,Approved
1,1,3,1,0,2855,542,90.0,360.0,1.0,2,3397,4.51085950651685,8.130942302231878,Approved
1,1,0,0,0,3016,1300,100.0,360.0,1.0,2,4316,4.61512051684126,8.370315995555478,Approved
0,1,0,0,0,3159,2374,108.0,360.0,1.0,1,5533,4.6913478822291435,8.618666160346871,Approved
0,0,0,0,0,1937,1152,78.0,360.0,1.0,1,3089,4.3694478524670215,8.035926369891792,Approved
1,1,0,0,0,2613,2417,123.0,360.0,1.0,1,5030,4.820281565605037,8.523374050491318,Approved
1,1,1,0,0,4960,2600,187.0,360.0,1.0,1,7560,5.236441962829949,8.93075873555827,Approved
1,1,1,0,0,3074,1083,146.0,360.0,1.0,1,4157,4.990432586778736,8.332789468417959,Approved
0,0,0,0,0,4213,0,80.0,360.0,1.0,2,4213,4.394449154672439,8.346167594364134,Approved
1,0,1,1,0,2038,4027,100.0,360.0,1.0,0,6065,4.61512051684126,8.710454688248527,Approved
0,0,0,0,0,2362,0,55.0,360.0,1.0,2,2362,4.02535169073515,7.767687277186908,Rejected
1,0,0,0,0,5333,2400,200.0,360.0,0.0,0,7733,5.303304908059076,8.953381472167242,Rejected
1,1,3,0,1,5384,0,150.0,360.0,1.0,1,5384,5.017279836814924,8.591372589590488,Approved
1,0,0,0,0,5708,0,150.0,360.0,1.0,0,5708,5.017279836814924,8.64979915596426,Approved
1,1,0,1,0,3754,3719,118.0,360.0,1.0,0,7473,4.77912349311153,8.91918561004543,Approved
1,1,0,1,0,2914,2130,150.0,300.0,1.0,2,5044,5.017279836814924,8.52615293278771,Approved
1,1,0,1,0,2747,2458,118.0,36.0,1.0,1,5205,4.77912349311153,8.55756708555451,Approved
1,1,0,0,0,7830,2183,212.0,360.0,1.0,0,10013,5.3612921657094255,9.211739392889891,Approved
1,1,1,0,1,3507,3148,212.0,360.0,1.0,0,6655,5.3612921657094255,8.803273982501045,Approved
1,1,1,0,0,3747,2139,125.0,360.0,1.0,2,5886,4.836281906951478,8.68050180902826,Approved
1,1,0,0,0,2166,2166,108.0,360.0,1.0,2,4332,4.6913478822291435,8.374015421739909,Approved
1,1,0,1,0,3500,2168,149.0,360.0,1.0,0,5668,5.0106352940962555,8.642768014324304,Approved
1,1,2,1,0,2896,0,80.0,480.0,1.0,2,2896,4.394449154672439,7.9714309977693505,Approved
0,0,1,0,0,5062,0,152.0,300.0,1.0,0,5062,5.030437921392435,8.529714471969909,Approved
0,0,2,0,1,5184,0,187.0,360.0,0.0,1,5184,5.236441962829949,8.553525120663627,Rejected
0,0,0,0,0,2545,0,74.0,360.0,1.0,2,2545,4.31748811353631,7.842278779117352,Approved
1,1,0,0,0,2553,1768,102.0,360.0,1.0,2,4321,4.634728988229636,8.371473537066832,Approved
1,1,1,0,0,3436,3809,100.0,360.0,1.0,0,7245,4.61512051684126,8.888204871455022,Approved
1,0,0,0,0,2412,2755,130.0,360.0,1.0,0,5167,4.875197323201151,8.550241045462437,Approved
1,1,3,1,0,5180,0,125.0,360.0,0.0,2,5180,4.836281906951478,8.552753366814787,Rejected
1,0,0,0,0,14911,14507,130.0,360.0,1.0,1,29418,4.875197323201151,10.289396003095074,Approved
1,0,0,0,1,2860,2988,138.0,360.0,1.0,2,5848,4.9344739331306915,8.674025985443025,Approved
1,1,0,0,0,1173,1594,28.0,180.0,1.0,0,2767,3.367295829986474,7.92588031673756,Approved
0,0,1,0,0,7600,0,92.0,360.0,1.0,1,7600,4.532599493153256,8.936035096566041,Approved
0,1,0,0,0,2157,1788,104.0,360.0,1.0,2,3945,4.653960350157523,8.28045768658256,Approved
1,0,0,0,0,2231,2774,176.0,360.0,0.0,2,5005,5.176149732573829,8.518392471991719,Rejected
0,0,0,0,0,2274,5211,117.0,360.0,0.0,1,7485,4.770684624465665,8.920789888464375,Rejected
1,1,2,1,0,6166,13983,102.0,360.0,1.0,0,20149,4.634728988229636,9.91095956737483,Approved
1,1,2,1,0,2513,1110,107.0,360.0,1.0,1,3623,4.68213122712422,8.19533366716287,Approved
1,0,0,0,0,4333,0,66.0,480.0,1.0,2,4333,4.204692619390966,8.374246182096304,Approved
1,0,0,1,0,3844,0,105.0,360.0,1.0,2,3844,4.663439094112067,8.254528881939745,Approved
1,1,0,0,0,3887,1517,105.0,360.0,0.0,1,5404,4.663439094112067,8.595079730073309,Rejected
1,1,0,0,0,3510,828,105.0,360.0,1.0,1,4338,4.663439094112067,8.37539918579835,Approved
1,1,0,0,0,2539,1704,125.0,360.0,0.0,0,4243,4.836281906951478,8.353261499733874,Rejected
0,0,0,1,0,2107,0,64.0,360.0,1.0,1,2107,4.174387269895637,7.653494909661253,Approved
1,1,0,0,0,3186,3145,150.0,180.0,0.0,1,6331,5.017279836814924,8.753371421000903,Rejected
1,1,2,0,1,5000,2166,150.0,360.0,1.0,2,7166,5.017279836814924,8.877242435993919,Approved
1,1,0,0,0,10000,0,125.0,360.0,1.0,2,10000,4.836281906951478,9.210440366976517,Approved
1,1,0,1,1,3943,0,64.0,360.0,1.0,1,3943,4.174387269895637,8.279950715722526,Approved
1,0,0,0,0,2925,0,40.0,180.0,1.0,0,2925,3.713572066704308,7.98139158158007,Approved
1,1,3,0,0,3242,437,142.0,480.0,0.0,2,3679,4.962844630259907,8.210668031162976,Rejected
1,1,0,0,0,3863,0,70.0,300.0,1.0,1,3863,4.2626798770413155,8.259458195332408,Approved
0,0,1,0,0,4028,0,131.0,360.0,1.0,1,4028,4.882801922586371,8.301273485191347,Approved
1,1,2,0,0,4010,1025,120.0,360.0,1.0,2,5035,4.795790545596741,8.524367395164237,Approved
0,1,1,0,0,3719,1585,114.0,360.0,1.0,2,5304,4.74493212836325,8.576405051048084,Approved
1,0,0,0,0,2858,0,123.0,360.0,0.0,0,2858,4.820281565605037,7.958227192322312,Rejected
0,1,0,0,0,3833,0,92.0,360.0,1.0,0,3833,4.532599493153256,8.251663923605589,Approved
1,1,0,0,0,3333,4288,160.0,360.0,1.0,2,7621,5.081404364984463,8.938794081433805,Approved
1,1,0,0,0,3007,3725,151.0,360.0,1.0,0,6732,5.0238805208462765,8.814776088545281,Approved
0,0,1,0,0,1850,4583,81.0,360.0,1.0,0,6433,4.406719247264253,8.769351707798972,Approved
1,1,3,1,0,2792,2619,171.0,360.0,1.0,1,5411,5.147494476813453,8.59637398929068,Approved
1,1,0,0,0,2982,1550,110.0,360.0,1.0,1,4532,4.709530201312334,8.41913925094085,Approved
1,0,0,0,0,3417,738,100.0,360.0,1.0,0,4155,4.61512051684126,8.332308352219117,Approved
1,1,1,0,0,18840,0,234.0,360.0,1.0,0,18840,5.459585514144159,9.843790625278,Approved
1,1,2,0,0,2995,1120,184.0,360.0,1.0,0,4115,5.220355825078324,8.32263709695394,Approved
1,0,0,0,0,3579,3308,138.0,360.0,1.0,1,6887,4.9344739331306915,8.837536046107568,Approved
0,1,1,1,0,3835,1400,112.0,480.0,0.0,2,5235,4.727387818712341,8.56331312702979,Rejected
0,0,1,1,0,3854,3575,117.0,360.0,1.0,0,7429,4.770684624465665,8.913281137711804,Approved
1,1,2,0,0,5833,750,49.0,360.0,0.0,0,6583,3.912023005428146,8.792397742356906,Rejected
1,0,0,0,0,3508,0,99.0,360.0,1.0,0,3508,4.605170185988092,8.163086375583216,Approved
0,1,3,1,0,1635,2444,99.0,360.0,1.0,2,4079,4.605170185988092,8.313852267398207,Approved
0,0,0,0,1,3333,3916,212.0,360.0,1.0,0,7249,5.3612921657094255,8.88875674784872,Approved
1,0,1,0,0,24797,0,240.0,360.0,1.0,1,24797,5.484796933490655,10.118518283739787,Approved
1,1,2,0,0,5667,440,130.0,360.0,0.0,1,6107,4.875197323201151,8.717354666338522,Rejected
0,0,0,0,0,3500,0,94.0,360.0,0.0,1,3500,4.553876891600541,8.160803920954665,Rejected
1,1,3,0,0,2773,1497,108.0,360.0,1.0,1,4270,4.6913478822291435,8.359603270841466,Approved
1,1,0,0,0,6500,0,144.0,360.0,1.0,2,6500,4.976733742420574,8.77971129020447,Approved
0,0,0,0,0,5769,0,110.0,180.0,1.0,1,5769,4.709530201312334,8.660427359502146,Approved
1,1,3,1,0,3634,910,176.0,360.0,0.0,1,4544,5.176149732573829,8.421783006611578,Rejected
1,0,0,0,0,29167,0,185.0,360.0,1.0,1,29167,5.225746673713202,10.280827496918445,Approved
1,0,0,0,0,2166,2057,122.0,360.0,1.0,1,4223,4.812184355372417,8.348537825386098,Approved
1,1,0,0,0,5000,0,126.0,360.0,1.0,0,5000,4.844187086458591,8.517393171418904,Approved
0,0,0,0,0,5530,0,135.0,360.0,1.0,2,5530,4.912654885736052,8.618123909994678,Approved
1,0,0,1,0,9000,0,122.0,360.0,1.0,0,9000,4.812184355372417,9.105090961257085,Approved
0,1,2,0,0,10000,11666,460.0,360.0,1.0,2,21666,6.133398042996649,9.983545644706707,Rejected
1,1,1,0,0,8750,0,297.0,360.0,1.0,2,8750,5.697093486505405,9.076923258535832,Approved
1,1,0,1,0,2157,2730,140.0,360.0,1.0,0,4887,4.948759890378168,8.494538500851432,Approved
1,0,0,0,0,1972,4347,106.0,360.0,1.0,0,6319,4.672828834461906,8.751474487140904,Approved
1,0,0,0,0,4983,0,141.0,360.0,1.0,2,4983,4.955827057601261,8.51398806046729,Approved
1,1,1,0,0,8333,4000,125.0,360.0,1.0,2,12333,4.836281906951478,9.420114955551439,Approved
1,1,0,0,0,3667,2000,170.0,360.0,1.0,1,5667,5.14166355650266,8.64259160081057,Approved
1,1,2,0,0,3166,2833,145.0,360.0,1.0,2,5999,4.983606621708336,8.699514748210191,Approved
1,0,0,1,0,3271,0,90.0,360.0,1.0,0,3271,4.51085950651685,8.093156697722637,Approved
0,1,0,0,0,2241,2000,88.0,360.0,0.0,2,4241,4.48863636973214,8.352790135124629,Rejected
1,1,1,1,0,1792,2565,128.0,360.0,1.0,2,4357,4.859812404361672,8.379768515504566,Approved
0,1,0,0,0,2666,0,84.0,480.0,1.0,1,2666,4.442651256490317,7.888709524182015,Approved
1,0,0,0,0,6478,0,108.0,360.0,1.0,1,6478,4.6913478822291435,8.776321456449958,Approved
1,0,0,1,0,3808,0,83.0,360.0,1.0,0,3808,4.430816798843313,8.245121966478605,Approved
0,1,2,1,0,3729,0,117.0,360.0,1.0,1,3729,4.770684624465665,8.224163512637862,Approved
1,1,2,0,0,4120,0,128.0,360.0,1.0,0,4120,4.859812404361672,8.323851131338817,Approved
1,1,1,0,1,7500,0,75.0,360.0,1.0,2,7500,4.330733340286331,8.922791623969637,Approved
1,1,1,0,0,6300,0,125.0,360.0,0.0,2,6300,4.836281906951478,8.748463629942055,Rejected
0,0,0,0,1,14987,0,177.0,360.0,1.0,0,14987,5.181783550292085,9.615005159913578,Approved
1,1,1,1,1,570,2125,68.0,360.0,1.0,0,2695,4.23410650459726,7.899524472032198,Approved
1,1,0,0,0,2600,700,96.0,360.0,1.0,1,3300,4.574710978503383,8.101980731853192,Approved
1,0,2,1,0,2733,1083,180.0,360.0,1.0,1,3816,5.198497031265826,8.247220052745229,Approved
1,1,2,0,1,7500,0,183.0,360.0,1.0,0,7500,5.214935757608986,8.922791623969637,Approved
1,1,2,1,0,3859,0,121.0,360.0,1.0,0,3859,4.804021044733257,8.258422462458876,Approved
1,1,1,0,0,6825,0,162.0,360.0,1.0,0,6825,5.093750200806762,8.828494129466652,Approved
1,1,0,0,0,3708,4700,132.0,360.0,1.0,1,8408,4.890349128221754,9.037057839832897,Approved
1,0,0,0,0,5314,0,147.0,360.0,1.0,2,5314,4.997212273764115,8.57828829077605,Approved
0,0,3,0,0,2366,5272,153.0,360.0,0.0,0,7638,5.0369526024136295,8.94102198354136,Rejected
1,0,0,0,0,2066,2108,104.0,84.0,1.0,2,4174,4.653960350157523,8.336869637284956,Approved
1,1,2,0,0,5000,0,149.0,360.0,1.0,0,5000,5.0106352940962555,8.517393171418904,Approved
0,0,0,0,0,3767,0,134.0,300.0,1.0,2,3767,4.90527477843843,8.234299635696253,Approved
0,1,0,0,0,7859,879,165.0,180.0,1.0,1,8738,5.111987788356544,9.075551045627543,Approved
0,1,0,0,0,4283,0,120.0,360.0,1.0,0,4283,4.795790545596741,8.36264243156764,Approved
1,1,0,1,0,1700,2900,67.0,360.0,0.0,2,4600,4.219507705176107,8.434028950155469,Rejected
1,0,0,1,0,4768,0,125.0,360.0,1.0,0,4768,4.836281906951478,8.469891918298224,Approved
1,0,0,0,0,3083,2738,120.0,360.0,1.0,2,5821,4.795790545596741,8.669399124305569,Approved
1,1,1,0,0,2667,1542,148.0,360.0,1.0,0,4209,5.003946305945459,8.345217926676428,Approved
0,1,0,1,0,1647,1762,181.0,360.0,1.0,2,3409,5.204006687076795,8.134467570277563,Rejected
1,1,3,0,0,3400,0,80.0,120.0,1.0,2,3400,4.394449154672439,8.131824785007195,Approved
1,0,1,0,0,16000,5000,40.0,360.0,1.0,1,21000,3.713572066704308,9.952325334619427,Approved
1,1,0,0,0,5333,0,90.0,360.0,1.0,0,5333,4.51085950651685,8.58185670474196,Approved
1,0,0,0,0,2875,2416,95.0,6.0,0.0,1,5291,4.564348191467836,8.573951525234847,Rejected
1,1,1,1,0,2600,618,122.0,360.0,1.0,1,3218,4.812184355372417,8.076826031298808,Approved
1,1,2,0,0,5041,700,150.0,360.0,1.0,2,5741,5.017279836814924,8.655562860681009,Approved
1,1,3,0,1,6958,1411,150.0,360.0,1.0,0,8369,5.017279836814924,9.032409163483521,Approved
1,1,1,0,0,3500,1658,104.0,360.0,1.0,1,5158,4.653960350157523,8.54849804124465,Approved
1,1,0,0,0,5509,0,143.0,360.0,1.0,0,5509,4.969813299576001,8.61431990214696,Approved
1,1,3,0,0,9699,0,300.0,360.0,1.0,2,9699,5.707110264748875,9.179881164491475,Approved
0,1,1,1,0,3621,2717,171.0,360.0,1.0,2,6338,5.147494476813453,8.754476306284166,Approved
0,1,0,0,0,4709,0,113.0,360.0,1.0,1,4709,4.736198448394496,8.457443187010464,Approved
1,1,0,0,0,1516,1951,35.0,360.0,1.0,1,3467,3.58351893845611,8.151333337900432,Approved
1,0,2,0,0,2400,0,46.0,360.0,1.0,2,2400,3.8501476017100584,7.783640596221253,Approved
0,0,0,1,0,3015,2000,145.0,360.0,1.0,2,5015,4.983606621708336,8.520388082312756,Approved
1,1,0,0,0,2292,1558,119.0,360.0,1.0,2,3850,4.787491742782046,8.25608813381491,Approved
1,1,1,0,1,2360,3355,87.0,240.0,1.0,0,5715,4.477336814478207,8.651024539049757,Approved
0,0,0,0,0,4333,2333,162.0,360.0,0.0,0,6666,5.093750200806762,8.80492526261806,Rejected
1,1,0,0,1,2623,4831,122.0,180.0,1.0,1,7454,4.812184355372417,8.916640227198839,Approved
1,0,0,0,1,3972,4275,187.0,360.0,1.0,0,8247,5.236441962829949,9.017726025696795,Approved
1,1,3,1,0,3522,0,81.0,180.0,1.0,0,3522,4.406719247264253,8.167068178341237,Rejected
1,1,1,0,0,4700,0,80.0,360.0,1.0,2,4700,4.394449154672439,8.45553053102413,Approved
1,0,0,0,0,6858,0,176.0,360.0,1.0,0,6858,5.176149732573829,8.83331693749932,Approved
1,1,3,0,0,8334,0,260.0,360.0,1.0,2,8334,5.564520407322694,9.028218795184895,Approved
1,1,0,0,0,3391,1966,133.0,360.0,0.0,0,5357,4.897839799950911,8.586346050104554,Rejected
1,0,0,1,0,2868,0,70.0,360.0,1.0,2,2868,4.2626798770413155,7.9617188159813645,Approved
1,1,2,1,0,3418,1380,135.0,360.0,1.0,2,4798,4.912654885736052,8.476162841858246,Approved
1,1,0,0,1,2500,296,137.0,300.0,1.0,0,2796,4.927253685157205,7.936302693201959,Approved
1,1,2,0,0,8667,0,254.0,360.0,1.0,0,8667,5.541263545158426,9.067393362656249,Approved
1,0,0,0,0,2283,15000,106.0,360.0,1.0,0,17283,4.672828834461906,9.757536497051824,Approved
1,1,0,0,0,5817,910,109.0,360.0,1.0,2,6727,4.700480365792417,8.814033201652784,Approved
1,1,0,0,0,5119,3769,120.0,360.0,1.0,0,8888,4.795790545596741,9.092569836241674,Approved
1,1,3,1,0,5316,187,158.0,180.0,0.0,1,5503,5.0689042022202315,8.61323037961318,Rejected
1,1,3,0,0,7603,1213,197.0,360.0,1.0,2,8816,5.288267030694535,9.084436955087027,Approved
1,1,1,0,0,3791,1936,85.0,360.0,1.0,2,5727,4.454347296253507,8.653121708640482,Approved
1,0,0,0,0,2500,0,60.0,360.0,1.0,2,2500,4.110873864173311,7.824445930877619,Approved
1,1,2,1,0,3132,0,76.0,360.0,1.0,0,3132,4.343805421853684,8.049746290952191,Approved
1,0,0,0,0,4000,2667,152.0,360.0,1.0,1,6667,5.030437921392435,8.805075243870684,Approved
0,1,0,0,0,8550,4255,96.0,360.0,1.0,2,12805,4.574710978503383,9.457669090078747,Approved
1,1,1,0,0,2269,2167,99.0,360.0,1.0,1,4436,4.605170185988092,8.39773375137891,Approved
1,1,3,1,1,4009,1777,113.0,360.0,1.0,2,5786,4.736198448394496,8.663369301573839,Approved
1,1,0,0,0,4158,709,115.0,360.0,1.0,2,4867,4.7535901911063645,8.490438454107418,Approved
1,0,0,0,0,3250,1993,126.0,360.0,1.0,1,5243,4.844187086458591,8.56483984488359,Approved
1,1,0,0,0,5000,2393,158.0,360.0,1.0,0,7393,5.0689042022202315,8.908424139496578,Approved
1,0,0,0,1,9200,0,98.0,180.0,1.0,0,9200,4.59511985013459,9.127067452782361,Approved
